id;role;token;invited_email;created_at;updated_at;status
1;MEMBER;reporter why;yowza gerbil;2026-01-22T16:28:31;2026-01-23T07:00:43;PENDING
2;MEMBER;promptly exterior;briskly;2026-01-22T21:26:17;2026-01-23T12:07:52;PENDING
3;MEMBER;gah anti dual;gah off gah;2026-01-22T18:50:50;2026-01-22T18:35:36;PENDING
4;MEMBER;zowie milky;innocent;2026-01-23T08:09:14;2026-01-22T21:06:22;PENDING
5;MEMBER;clueless spiteful;linseed priesthood;2026-01-23T03:06:45;2026-01-23T05:52:02;PENDING
6;MEMBER;ignite or;avaricious aha;2026-01-23T09:02:24;2026-01-23T06:01:14;PENDING
7;MEMBER;against throughout;after past by;2026-01-22T19:13:42;2026-01-23T07:13:46;PENDING
8;MEMBER;wonderfully;ew yuck populist;2026-01-23T13:18:29;2026-01-22T17:36:48;PENDING
9;MEMBER;square lest;boo sternly eek;2026-01-23T08:06:23;2026-01-22T15:10:09;PENDING
10;MEMBER;below;duh when;2026-01-22T21:58:39;2026-01-23T04:46:07;ACCEPTED
