id;name;slug;created_at;updated_at
1;braid handle extension;yum;2026-01-22T21:37:27;2026-01-23T11:42:15
2;promise;reassuringly straight;2026-01-23T05:59:24;2026-01-22T19:28:07
3;in;sign;2026-01-23T07:07:47;2026-01-22T19:33:51
4;intend haircut circular;kiss fairly;2026-01-23T05:24:51;2026-01-22T19:02:18
5;male publication scaly;quaff;2026-01-23T13:40:19;2026-01-22T17:51:07
6;forenenst;puff understanding;2026-01-23T10:46:53;2026-01-23T12:39:27
7;casement;always;2026-01-23T12:13:58;2026-01-23T05:25:58
8;instruction whoever stranger;gallivant tank;2026-01-23T02:24:30;2026-01-22T19:48:15
9;towards cavernous;how longingly;2026-01-23T07:27:07;2026-01-22T23:46:56
10;boring alongside;glow ah;2026-01-22T22:08:44;2026-01-22T23:28:03
